Depto_Cod1;Depto_Cod2;Departamento;Munpio_Cod1;Munpio_Cod2;Municipio
05;5;Antioquia;05001;5001;Medellín
05;5;Antioquia;05002;5002;Abejorral
05;5;Antioquia;05004;5004;Abriaquí
05;5;Antioquia;05021;5021;Alejandría
05;5;Antioquia;05030;5030;Amagá
05;5;Antioquia;05031;5031;Amalfi
05;5;Antioquia;05034;5034;Andes
05;5;Antioquia;05036;5036;Angelópolis
05;5;Antioquia;05038;5038;Angostura
05;5;Antioquia;05040;5040;Anorí
05;5;Antioquia;05042;5042;Santafé de Antioquia
05;5;Antioquia;05044;5044;Anza
05;5;Antioquia;05045;5045;Apartadó
05;5;Antioquia;05051;5051;Arboletes
05;5;Antioquia;05055;5055;Argelia
05;5;Antioquia;05059;5059;Armenia
05;5;Antioquia;05079;5079;Barbosa
05;5;Antioquia;05086;5086;Belmira
05;5;Antioquia;05088;5088;Bello
05;5;Antioquia;05091;5091;Betania
05;5;Antioquia;05093;5093;Betulia
05;5;Antioquia;05101;5101;Ciudad Bolívar
05;5;Antioquia;05107;5107;Briceño
05;5;Antioquia;05113;5113;Buriticá
05;5;Antioquia;05120;5120;Cáceres
05;5;Antioquia;05125;5125;Caicedo
05;5;Antioquia;05129;5129;Caldas
05;5;Antioquia;05134;5134;Campamento
05;5;Antioquia;05138;5138;Cañasgordas
05;5;Antioquia;05142;5142;Caracolí
05;5;Antioquia;05145;5145;Caramanta
05;5;Antioquia;05147;5147;Carepa
05;5;Antioquia;05148;5148;El Carmen de Viboral
05;5;Antioquia;05150;5150;Carolina
05;5;Antioquia;05154;5154;Caucasia
05;5;Antioquia;05172;5172;Chigorodó
05;5;Antioquia;05190;5190;Cisneros
05;5;Antioquia;05197;5197;Cocorná
05;5;Antioquia;05206;5206;Concepción
05;5;Antioquia;05209;5209;Concordia
05;5;Antioquia;05212;5212;Copacabana
05;5;Antioquia;05234;5234;Dabeiba
05;5;Antioquia;05237;5237;Don Matías
05;5;Antioquia;05240;5240;Ebéjico
05;5;Antioquia;05250;5250;El Bagre
05;5;Antioquia;05264;5264;Entrerrios
05;5;Antioquia;05266;5266;Envigado
05;5;Antioquia;05282;5282;Fredonia
05;5;Antioquia;05284;5284;Frontino
05;5;Antioquia;05306;5306;Giraldo
05;5;Antioquia;05308;5308;Girardota
05;5;Antioquia;05310;5310;Gómez Plata
05;5;Antioquia;05313;5313;Granada
05;5;Antioquia;05315;5315;Guadalupe
05;5;Antioquia;05318;5318;Guarne
05;5;Antioquia;05321;5321;Guatapé
05;5;Antioquia;05347;5347;Heliconia
05;5;Antioquia;05353;5353;Hispania
05;5;Antioquia;05360;5360;Itagui
05;5;Antioquia;05361;5361;Ituango
05;5;Antioquia;05364;5364;Jardín
05;5;Antioquia;05368;5368;Jericó
05;5;Antioquia;05376;5376;La Ceja
05;5;Antioquia;05380;5380;La Estrella
05;5;Antioquia;05390;5390;La Pintada
05;5;Antioquia;05400;5400;La Unión
05;5;Antioquia;05411;5411;Liborina
05;5;Antioquia;05425;5425;Maceo
05;5;Antioquia;05440;5440;Marinilla
05;5;Antioquia;05467;5467;Montebello
05;5;Antioquia;05475;5475;Murindó
05;5;Antioquia;05480;5480;Mutatá
05;5;Antioquia;05483;5483;Nariño
05;5;Antioquia;05490;5490;Necoclí
05;5;Antioquia;05495;5495;Nechí
05;5;Antioquia;05501;5501;Olaya
05;5;Antioquia;05541;5541;Peñol
05;5;Antioquia;05543;5543;Peque
05;5;Antioquia;05576;5576;Pueblorrico
05;5;Antioquia;05579;5579;Puerto Berrío
05;5;Antioquia;05585;5585;Puerto Nare
05;5;Antioquia;05591;5591;Puerto Triunfo
05;5;Antioquia;05604;5604;Remedios
05;5;Antioquia;05607;5607;Retiro
05;5;Antioquia;05615;5615;Rionegro
05;5;Antioquia;05628;5628;Sabanalarga
05;5;Antioquia;05631;5631;Sabaneta
05;5;Antioquia;05642;5642;Salgar
05;5;Antioquia;05647;5647;San Andrés de Cuerquía
05;5;Antioquia;05649;5649;San Carlos
05;5;Antioquia;05652;5652;San Francisco
05;5;Antioquia;05656;5656;San Jerónimo
05;5;Antioquia;05658;5658;San José de La Montaña
05;5;Antioquia;05659;5659;San Juan de Urabá
05;5;Antioquia;05660;5660;San Luis
05;5;Antioquia;05664;5664;San Pedro
05;5;Antioquia;05665;5665;San Pedro de Uraba
05;5;Antioquia;05667;5667;San Rafael
05;5;Antioquia;05670;5670;Guarne
05;5;Antioquia;05674;5674;San Vicente
05;5;Antioquia;05679;5679;Santa Bárbara
05;5;Antioquia;05686;5686;Santa Rosa de Osos
05;5;Antioquia;05690;5690;Santo Domingo
05;5;Antioquia;05697;5697;El Santuario
05;5;Antioquia;05736;5736;Segovia
05;5;Antioquia;05756;5756;Sonson
05;5;Antioquia;05761;5761;Sopetrán
05;5;Antioquia;05789;5789;Támesis
05;5;Antioquia;05790;5790;Tarazá
05;5;Antioquia;05792;5792;Tarso
05;5;Antioquia;05809;5809;Titiribí
05;5;Antioquia;05819;5819;Toledo
05;5;Antioquia;05837;5837;Turbo
05;5;Antioquia;05842;5842;Uramita
05;5;Antioquia;05847;5847;Urrao
05;5;Antioquia;05854;5854;Valdivia
05;5;Antioquia;05856;5856;Valparaíso
05;5;Antioquia;05858;5858;Vegachí
05;5;Antioquia;05861;5861;Venecia
05;5;Antioquia;05873;5873;Vigía del Fuerte
05;5;Antioquia;05885;5885;Yalí
05;5;Antioquia;05887;5887;Yarumal
05;5;Antioquia;05890;5890;Yolombó
05;5;Antioquia;05893;5893;Yondó
05;5;Antioquia;05895;5895;Zaragoza
08;8;Atlántico;08001;8001;Barranquilla
08;8;Atlántico;08078;8078;Baranoa
08;8;Atlántico;08137;8137;Campo de La Cruz
08;8;Atlántico;08141;8141;Candelaria
08;8;Atlántico;08296;8296;Galapa
08;8;Atlántico;08372;8372;Juan de Acosta
08;8;Atlántico;08421;8421;Luruaco
08;8;Atlántico;08433;8433;Malambo
08;8;Atlántico;08436;8436;Manatí
08;8;Atlántico;08520;8520;Palmar de Varela
08;8;Atlántico;08549;8549;Piojó
08;8;Atlántico;08558;8558;Polonuevo
08;8;Atlántico;08560;8560;Ponedera
08;8;Atlántico;08573;8573;Puerto Colombia
08;8;Atlántico;08606;8606;Repelón
08;8;Atlántico;08634;8634;Sabanagrande
08;8;Atlántico;08638;8638;Sabanalarga
08;8;Atlántico;08675;8675;Santa Lucía
08;8;Atlántico;08685;8685;Santo Tomás
08;8;Atlántico;08758;8758;Soledad
08;8;Atlántico;08770;8770;Suan
08;8;Atlántico;08832;8832;Tubará
08;8;Atlántico;08849;8849;Usiacurí
11;11;Bogotá, D.C.;11001;11001;Bogotá, D.C.
13;13;Bolívar;13001;13001;Cartagena
13;13;Bolívar;13006;13006;Achí
13;13;Bolívar;13030;13030;Altos del Rosario
13;13;Bolívar;13042;13042;Arenal
13;13;Bolívar;13052;13052;Arjona
13;13;Bolívar;13062;13062;Arroyohondo
13;13;Bolívar;13074;13074;Barranco de Loba
13;13;Bolívar;13140;13140;Calamar
13;13;Bolívar;13160;13160;Cantagallo
13;13;Bolívar;13188;13188;Cicuco
13;13;Bolívar;13212;13212;Córdoba
13;13;Bolívar;13222;13222;Clemencia
13;13;Bolívar;13244;13244;El Carmen de Bolívar
13;13;Bolívar;13248;13248;El Guamo
13;13;Bolívar;13268;13268;El Peñón
13;13;Bolívar;13300;13300;Hatillo de Loba
13;13;Bolívar;13430;13430;Magangué
13;13;Bolívar;13433;13433;Mahates
13;13;Bolívar;13440;13440;Margarita
13;13;Bolívar;13442;13442;María La Baja
13;13;Bolívar;13458;13458;Montecristo
13;13;Bolívar;13468;13468;Mompós
13;13;Bolívar;13473;13473;Morales
13;13;Bolívar;13549;13549;Pinillos
13;13;Bolívar;13580;13580;Regidor
13;13;Bolívar;13600;13600;Río Viejo
13;13;Bolívar;13620;13620;San Cristóbal
13;13;Bolívar;13647;13647;San Estanislao
13;13;Bolívar;13650;13650;San Fernando
13;13;Bolívar;13654;13654;San Jacinto
13;13;Bolívar;13655;13655;San Jacinto del Cauca
13;13;Bolívar;13657;13657;San Juan Nepomuceno
13;13;Bolívar;13667;13667;San Martín de Loba
13;13;Bolívar;13670;13670;San Pablo
13;13;Bolívar;13673;13673;Santa Catalina
13;13;Bolívar;13683;13683;Santa Rosa
13;13;Bolívar;13688;13688;Santa Rosa del Sur
13;13;Bolívar;13744;13744;Simití
13;13;Bolívar;13760;13760;Soplaviento
13;13;Bolívar;13780;13780;Talaigua Nuevo
13;13;Bolívar;13810;13810;Tiquisio
13;13;Bolívar;13836;13836;Turbaco
13;13;Bolívar;13838;13838;Turbaná
13;13;Bolívar;13873;13873;Villanueva
13;13;Bolívar;13894;13894;Zambrano
15;15;Boyacá;15001;15001;Tunja
15;15;Boyacá;15022;15022;Almeida
15;15;Boyacá;15047;15047;Aquitania
15;15;Boyacá;15051;15051;Arcabuco
15;15;Boyacá;15087;15087;Belén
15;15;Boyacá;15090;15090;Berbeo
15;15;Boyacá;15092;15092;Betéitiva
15;15;Boyacá;15097;15097;Boavita
15;15;Boyacá;15104;15104;Boyacá
15;15;Boyacá;15106;15106;Briceño
15;15;Boyacá;15109;15109;Buenavista
15;15;Boyacá;15114;15114;Busbanzá
15;15;Boyacá;15131;15131;Caldas
15;15;Boyacá;15135;15135;Campohermoso
15;15;Boyacá;15162;15162;Cerinza
15;15;Boyacá;15172;15172;Chinavita
15;15;Boyacá;15176;15176;Chiquinquirá
15;15;Boyacá;15180;15180;Chiscas
15;15;Boyacá;15183;15183;Chita
15;15;Boyacá;15185;15185;Chitaraque
15;15;Boyacá;15187;15187;Chivatá
15;15;Boyacá;15189;15189;Ciénega
15;15;Boyacá;15204;15204;Cómbita
15;15;Boyacá;15212;15212;Coper
15;15;Boyacá;15215;15215;Corrales
15;15;Boyacá;15218;15218;Covarachía
15;15;Boyacá;15223;15223;Cubará
15;15;Boyacá;15224;15224;Cucaita
15;15;Boyacá;15226;15226;Cuítiva
15;15;Boyacá;15232;15232;Chíquiza
15;15;Boyacá;15236;15236;Chivor
15;15;Boyacá;15238;15238;Duitama
15;15;Boyacá;15244;15244;El Cocuy
15;15;Boyacá;15248;15248;El Espino
15;15;Boyacá;15272;15272;Firavitoba
15;15;Boyacá;15276;15276;Floresta
15;15;Boyacá;15293;15293;Gachantivá
15;15;Boyacá;15296;15296;Gameza
15;15;Boyacá;15299;15299;Garagoa
15;15;Boyacá;15317;15317;Guacamayas
15;15;Boyacá;15322;15322;Guateque
15;15;Boyacá;15325;15325;Guayatá
15;15;Boyacá;15332;15332;Güicán
15;15;Boyacá;15362;15362;Iza
15;15;Boyacá;15367;15367;Jenesano
15;15;Boyacá;15368;15368;Jericó
15;15;Boyacá;15377;15377;Labranzagrande
15;15;Boyacá;15380;15380;La Capilla
15;15;Boyacá;15401;15401;La Victoria
15;15;Boyacá;15403;15403;La Uvita
15;15;Boyacá;15407;15407;Villa de Leyva
15;15;Boyacá;15425;15425;Macanal
15;15;Boyacá;15442;15442;Maripí
15;15;Boyacá;15455;15455;Miraflores
15;15;Boyacá;15464;15464;Mongua
15;15;Boyacá;15466;15466;Monguí
15;15;Boyacá;15469;15469;Moniquirá
15;15;Boyacá;15476;15476;Motavita
15;15;Boyacá;15480;15480;Muzo
15;15;Boyacá;15491;15491;Nobsa
15;15;Boyacá;15494;15494;Nuevo Colón
15;15;Boyacá;15500;15500;Oicatá
15;15;Boyacá;15507;15507;Otanche
15;15;Boyacá;15511;15511;Pachavita
15;15;Boyacá;15514;15514;Páez
15;15;Boyacá;15516;15516;Paipa
15;15;Boyacá;15518;15518;Pajarito
15;15;Boyacá;15522;15522;Panqueba
15;15;Boyacá;15531;15531;Pauna
15;15;Boyacá;15533;15533;Paya
15;15;Boyacá;15537;15537;Paz de Río
15;15;Boyacá;15542;15542;Pesca
15;15;Boyacá;15550;15550;Pisba
15;15;Boyacá;15572;15572;Puerto Boyacá
15;15;Boyacá;15580;15580;Quípama
15;15;Boyacá;15599;15599;Ramiriquí
15;15;Boyacá;15600;15600;Ráquira
15;15;Boyacá;15621;15621;Rondón
15;15;Boyacá;15632;15632;Saboyá
15;15;Boyacá;15638;15638;Sáchica
15;15;Boyacá;15646;15646;Samacá
15;15;Boyacá;15660;15660;San Eduardo
15;15;Boyacá;15664;15664;San José de Pare
15;15;Boyacá;15667;15667;San Luis de Gaceno
15;15;Boyacá;15673;15673;San Mateo
15;15;Boyacá;15676;15676;San Miguel de Sema
15;15;Boyacá;15681;15681;San Pablo de Borbur
15;15;Boyacá;15686;15686;Santana
15;15;Boyacá;15690;15690;Santa María
15;15;Boyacá;15693;15693;Santa Rosa de Viterbo
15;15;Boyacá;15696;15696;Santa Sofía
15;15;Boyacá;15720;15720;Sativanorte
15;15;Boyacá;15723;15723;Sativasur
15;15;Boyacá;15740;15740;Siachoque
15;15;Boyacá;15753;15753;Soatá
15;15;Boyacá;15755;15755;Socotá
15;15;Boyacá;15757;15757;Socha
15;15;Boyacá;15759;15759;Sogamoso
15;15;Boyacá;15761;15761;Somondoco
15;15;Boyacá;15762;15762;Sora
15;15;Boyacá;15763;15763;Sotaquirá
15;15;Boyacá;15764;15764;Soracá
15;15;Boyacá;15774;15774;Susacón
15;15;Boyacá;15776;15776;Sutamarchán
15;15;Boyacá;15778;15778;Sutatenza
15;15;Boyacá;15790;15790;Tasco
15;15;Boyacá;15798;15798;Tenza
15;15;Boyacá;15804;15804;Tibaná
15;15;Boyacá;15806;15806;Tibasosa
15;15;Boyacá;15808;15808;Tinjacá
15;15;Boyacá;15810;15810;Tipacoque
15;15;Boyacá;15814;15814;Toca
15;15;Boyacá;15816;15816;Togüí
15;15;Boyacá;15820;15820;Tópaga
15;15;Boyacá;15822;15822;Tota
15;15;Boyacá;15832;15832;Tununguá
15;15;Boyacá;15835;15835;Turmequé
15;15;Boyacá;15837;15837;Tuta
15;15;Boyacá;15839;15839;Tutazá
15;15;Boyacá;15842;15842;Umbita
15;15;Boyacá;15861;15861;Ventaquemada
15;15;Boyacá;15879;15879;Viracachá
15;15;Boyacá;15897;15897;Zetaquira
17;17;Caldas;17001;17001;Manizales
17;17;Caldas;17013;17013;Aguadas
17;17;Caldas;17042;17042;Anserma
17;17;Caldas;17050;17050;Aranzazu
17;17;Caldas;17088;17088;Belalcázar
17;17;Caldas;17174;17174;Chinchiná
17;17;Caldas;17272;17272;Filadelfia
17;17;Caldas;17380;17380;La Dorada
17;17;Caldas;17388;17388;La Merced
17;17;Caldas;17433;17433;Manzanares
17;17;Caldas;17442;17442;Marmato
17;17;Caldas;17444;17444;Marquetalia
17;17;Caldas;17446;17446;Marulanda
17;17;Caldas;17486;17486;Neira
17;17;Caldas;17495;17495;Norcasia
17;17;Caldas;17513;17513;Pácora
17;17;Caldas;17524;17524;Palestina
17;17;Caldas;17541;17541;Pensilvania
17;17;Caldas;17614;17614;Riosucio
17;17;Caldas;17616;17616;Risaralda
17;17;Caldas;17653;17653;Salamina
17;17;Caldas;17662;17662;Samaná
17;17;Caldas;17665;17665;San José
17;17;Caldas;17777;17777;Supía
17;17;Caldas;17867;17867;Victoria
17;17;Caldas;17873;17873;Villamaría
17;17;Caldas;17877;17877;Viterbo
18;18;Caquetá;18001;18001;Florencia
18;18;Caquetá;18029;18029;Albania
18;18;Caquetá;18094;18094;Belén de Los Andaquies
18;18;Caquetá;18150;18150;Cartagena del Chairá
18;18;Caquetá;18205;18205;Curillo
18;18;Caquetá;18247;18247;El Doncello
18;18;Caquetá;18256;18256;El Paujil
18;18;Caquetá;18410;18410;La Montañita
18;18;Caquetá;18460;18460;Milán
18;18;Caquetá;18479;18479;Morelia
18;18;Caquetá;18592;18592;Puerto Rico
18;18;Caquetá;18610;18610;San José del Fragua
18;18;Caquetá;18753;18753;San Vicente del Caguán
18;18;Caquetá;18756;18756;Solano
18;18;Caquetá;18785;18785;Solita
18;18;Caquetá;18860;18860;Valparaíso
19;19;Cauca;19001;19001;Popayán
19;19;Cauca;19022;19022;Almaguer
19;19;Cauca;19050;19050;Argelia
19;19;Cauca;19075;19075;Balboa
19;19;Cauca;19100;19100;Bolívar
19;19;Cauca;19110;19110;Buenos Aires
19;19;Cauca;19130;19130;Cajibío
19;19;Cauca;19137;19137;Caldono
19;19;Cauca;19142;19142;Caloto
19;19;Cauca;19212;19212;Corinto
19;19;Cauca;19256;19256;El Tambo
19;19;Cauca;19290;19290;Florencia
19;19;Cauca;19318;19318;Guapi
19;19;Cauca;19355;19355;Inzá
19;19;Cauca;19364;19364;Jambaló
19;19;Cauca;19392;19392;La Sierra
19;19;Cauca;19397;19397;La Vega
19;19;Cauca;19418;19418;López
19;19;Cauca;19450;19450;Mercaderes
19;19;Cauca;19455;19455;Miranda
19;19;Cauca;19473;19473;Morales
19;19;Cauca;19513;19513;Padilla
19;19;Cauca;19517;19517;Paez
19;19;Cauca;19532;19532;Patía
19;19;Cauca;19533;19533;Piamonte
19;19;Cauca;19548;19548;Piendamó
19;19;Cauca;19573;19573;Puerto Tejada
19;19;Cauca;19585;19585;Puracé
19;19;Cauca;19622;19622;Rosas
19;19;Cauca;19693;19693;San Sebastián
19;19;Cauca;19698;19698;Santander de Quilichao
19;19;Cauca;19701;19701;Santa Rosa
19;19;Cauca;19743;19743;Silvia
19;19;Cauca;19760;19760;Sotara
19;19;Cauca;19780;19780;Suárez
19;19;Cauca;19785;19785;Sucre
19;19;Cauca;19807;19807;Timbío
19;19;Cauca;19809;19809;Timbiquí
19;19;Cauca;19821;19821;Toribio
19;19;Cauca;19824;19824;Totoró
19;19;Cauca;19845;19845;Villa Rica
20;20;Cesar;20001;20001;Valledupar
20;20;Cesar;20011;20011;Aguachica
20;20;Cesar;20013;20013;Agustín Codazzi
20;20;Cesar;20032;20032;Astrea
20;20;Cesar;20045;20045;Becerril
20;20;Cesar;20060;20060;Bosconia
20;20;Cesar;20175;20175;Chimichagua
20;20;Cesar;20178;20178;Chiriguaná
20;20;Cesar;20228;20228;Curumaní
20;20;Cesar;20238;20238;El Copey
20;20;Cesar;20250;20250;El Paso
20;20;Cesar;20295;20295;Gamarra
20;20;Cesar;20310;20310;González
20;20;Cesar;20383;20383;La Gloria
20;20;Cesar;20400;20400;La Jagua de Ibirico
20;20;Cesar;20443;20443;Manaure
20;20;Cesar;20517;20517;Pailitas
20;20;Cesar;20550;20550;Pelaya
20;20;Cesar;20570;20570;Pueblo Bello
20;20;Cesar;20614;20614;Río de Oro
20;20;Cesar;20621;20621;La Paz
20;20;Cesar;20710;20710;San Alberto
20;20;Cesar;20750;20750;San Diego
20;20;Cesar;20770;20770;San Martín
20;20;Cesar;20787;20787;Tamalameque
23;23;Córdoba;23001;23001;Montería
23;23;Córdoba;23068;23068;Ayapel
23;23;Córdoba;23079;23079;Buenavista
23;23;Córdoba;23090;23090;Canalete
23;23;Córdoba;23162;23162;Cereté
23;23;Córdoba;23168;23168;Chimá
23;23;Córdoba;23182;23182;Chinú
23;23;Córdoba;23189;23189;Ciénaga de Oro
23;23;Córdoba;23300;23300;Cotorra
23;23;Córdoba;23350;23350;La Apartada
23;23;Córdoba;23417;23417;Lorica
23;23;Córdoba;23419;23419;Los Córdobas
23;23;Córdoba;23464;23464;Momil
23;23;Córdoba;23466;23466;Montelíbano
23;23;Córdoba;23500;23500;Moñitos
23;23;Córdoba;23555;23555;Planeta Rica
23;23;Córdoba;23570;23570;Pueblo Nuevo
23;23;Córdoba;23574;23574;Puerto Escondido
23;23;Córdoba;23580;23580;Puerto Libertador
23;23;Córdoba;23586;23586;Purísima
23;23;Córdoba;23660;23660;Sahagún
23;23;Córdoba;23670;23670;San Andrés Sotavento
23;23;Córdoba;23672;23672;San Antero
23;23;Córdoba;23675;23675;San Bernardo del Viento
23;23;Córdoba;23678;23678;San Carlos
23;23;Córdoba;23686;23686;San Pelayo
23;23;Córdoba;23807;23807;Tierralta
23;23;Córdoba;23855;23855;Valencia
25;25;Cundinamarca;25001;25001;Agua de Dios
25;25;Cundinamarca;25019;25019;Albán
25;25;Cundinamarca;25035;25035;Anapoima
25;25;Cundinamarca;25040;25040;Anolaima
25;25;Cundinamarca;25053;25053;Arbeláez
25;25;Cundinamarca;25086;25086;Beltrán
25;25;Cundinamarca;25095;25095;Bituima
25;25;Cundinamarca;25099;25099;Bojacá
25;25;Cundinamarca;25120;25120;Cabrera
25;25;Cundinamarca;25123;25123;Cachipay
25;25;Cundinamarca;25126;25126;Cajicá
25;25;Cundinamarca;25148;25148;Caparrapí
25;25;Cundinamarca;25151;25151;Caqueza
25;25;Cundinamarca;25154;25154;Carmen de Carupa
25;25;Cundinamarca;25168;25168;Chaguaní
25;25;Cundinamarca;25175;25175;Chía
25;25;Cundinamarca;25178;25178;Chipaque
25;25;Cundinamarca;25181;25181;Choachí
25;25;Cundinamarca;25183;25183;Chocontá
25;25;Cundinamarca;25200;25200;Cogua
25;25;Cundinamarca;25214;25214;Cota
25;25;Cundinamarca;25224;25224;Cucunubá
25;25;Cundinamarca;25245;25245;El Colegio
25;25;Cundinamarca;25258;25258;El Peñón
25;25;Cundinamarca;25260;25260;El Rosal
25;25;Cundinamarca;25269;25269;Facatativá
25;25;Cundinamarca;25279;25279;Fomeque
25;25;Cundinamarca;25281;25281;Fosca
25;25;Cundinamarca;25286;25286;Funza
25;25;Cundinamarca;25288;25288;Fúquene
25;25;Cundinamarca;25290;25290;Fusagasugá
25;25;Cundinamarca;25293;25293;Gachala
25;25;Cundinamarca;25295;25295;Gachancipá
25;25;Cundinamarca;25297;25297;Gachetá
25;25;Cundinamarca;25299;25299;Gama
25;25;Cundinamarca;25307;25307;Girardot
25;25;Cundinamarca;25312;25312;Granada
25;25;Cundinamarca;25317;25317;Guachetá
25;25;Cundinamarca;25320;25320;Guaduas
25;25;Cundinamarca;25322;25322;Guasca
25;25;Cundinamarca;25324;25324;Guataquí
25;25;Cundinamarca;25326;25326;Guatavita
25;25;Cundinamarca;25328;25328;Guayabal de Siquima
25;25;Cundinamarca;25335;25335;Guayabetal
25;25;Cundinamarca;25339;25339;Gutiérrez
25;25;Cundinamarca;25368;25368;Jerusalén
25;25;Cundinamarca;25372;25372;Junín
25;25;Cundinamarca;25377;25377;La Calera
25;25;Cundinamarca;25386;25386;La Mesa
25;25;Cundinamarca;25394;25394;La Palma
25;25;Cundinamarca;25398;25398;La Peña
25;25;Cundinamarca;25402;25402;La Vega
25;25;Cundinamarca;25407;25407;Lenguazaque
25;25;Cundinamarca;25426;25426;Macheta
25;25;Cundinamarca;25430;25430;Madrid
25;25;Cundinamarca;25436;25436;Manta
25;25;Cundinamarca;25438;25438;Medina
25;25;Cundinamarca;25473;25473;Mosquera
25;25;Cundinamarca;25483;25483;Nariño
25;25;Cundinamarca;25486;25486;Nemocón
25;25;Cundinamarca;25488;25488;Nilo
25;25;Cundinamarca;25489;25489;Nimaima
25;25;Cundinamarca;25491;25491;Nocaima
25;25;Cundinamarca;25506;25506;Venecia
25;25;Cundinamarca;25513;25513;Pacho
25;25;Cundinamarca;25518;25518;Paime
25;25;Cundinamarca;25524;25524;Pandi
25;25;Cundinamarca;25530;25530;Paratebueno
25;25;Cundinamarca;25535;25535;Pasca
25;25;Cundinamarca;25572;25572;Puerto Salgar
25;25;Cundinamarca;25580;25580;Pulí
25;25;Cundinamarca;25592;25592;Quebradanegra
25;25;Cundinamarca;25594;25594;Quetame
25;25;Cundinamarca;25596;25596;Quipile
25;25;Cundinamarca;25599;25599;Apulo
25;25;Cundinamarca;25612;25612;Ricaurte
25;25;Cundinamarca;25645;25645;San Antonio del Tequendama
25;25;Cundinamarca;25649;25649;San Bernardo
25;25;Cundinamarca;25653;25653;San Cayetano
25;25;Cundinamarca;25658;25658;San Francisco
25;25;Cundinamarca;25662;25662;San Juan de Río Seco
25;25;Cundinamarca;25718;25718;Sasaima
25;25;Cundinamarca;25736;25736;Sesquilé
25;25;Cundinamarca;25740;25740;Sibaté
25;25;Cundinamarca;25743;25743;Silvania
25;25;Cundinamarca;25745;25745;Simijaca
25;25;Cundinamarca;25754;25754;Soacha
25;25;Cundinamarca;25758;25758;Sopó
25;25;Cundinamarca;25769;25769;Subachoque
25;25;Cundinamarca;25772;25772;Suesca
25;25;Cundinamarca;25777;25777;Supatá
25;25;Cundinamarca;25779;25779;Susa
25;25;Cundinamarca;25781;25781;Sutatausa
25;25;Cundinamarca;25785;25785;Tabio
25;25;Cundinamarca;25793;25793;Tausa
25;25;Cundinamarca;25797;25797;Tena
25;25;Cundinamarca;25799;25799;Tenjo
25;25;Cundinamarca;25805;25805;Tibacuy
25;25;Cundinamarca;25807;25807;Tibirita
25;25;Cundinamarca;25815;25815;Tocaima
25;25;Cundinamarca;25817;25817;Tocancipá
25;25;Cundinamarca;25823;25823;Topaipí
25;25;Cundinamarca;25839;25839;Ubalá
25;25;Cundinamarca;25841;25841;Ubaque
25;25;Cundinamarca;25843;25843;Villa de San Diego de Ubate
25;25;Cundinamarca;25845;25845;Une
25;25;Cundinamarca;25851;25851;Útica
25;25;Cundinamarca;25862;25862;Vergara
25;25;Cundinamarca;25867;25867;Vianí
25;25;Cundinamarca;25871;25871;Villagómez
25;25;Cundinamarca;25873;25873;Villapinzón
25;25;Cundinamarca;25875;25875;Villeta
25;25;Cundinamarca;25878;25878;Viotá
25;25;Cundinamarca;25885;25885;Yacopí
25;25;Cundinamarca;25898;25898;Zipacón
25;25;Cundinamarca;25899;25899;Zipaquirá
27;27;Chocó;27001;27001;Quibdó
27;27;Chocó;27006;27006;Acandí
27;27;Chocó;27025;27025;Alto Baudo
27;27;Chocó;27050;27050;Atrato
27;27;Chocó;27073;27073;Bagadó
27;27;Chocó;27075;27075;Bahía Solano
27;27;Chocó;27077;27077;Bajo Baudó
27;27;Chocó;27086;27086;Belén de Bajirá1
27;27;Chocó;27099;27099;Bojaya
27;27;Chocó;27135;27135;El Cantón del San Pablo
27;27;Chocó;27150;27150;Carmen del Darien
27;27;Chocó;27160;27160;Cértegui
27;27;Chocó;27205;27205;Condoto
27;27;Chocó;27245;27245;El Carmen de Atrato
27;27;Chocó;27250;27250;El Litoral del San Juan
27;27;Chocó;27361;27361;Istmina
27;27;Chocó;27372;27372;Juradó
27;27;Chocó;27413;27413;Lloró
27;27;Chocó;27425;27425;Medio Atrato
27;27;Chocó;27430;27430;Medio Baudó
27;27;Chocó;27450;27450;Medio San Juan
27;27;Chocó;27491;27491;Nóvita
27;27;Chocó;27495;27495;Nuquí
27;27;Chocó;27580;27580;Río Iro
27;27;Chocó;27600;27600;Río Quito
27;27;Chocó;27615;27615;Riosucio
27;27;Chocó;27660;27660;San José del Palmar
27;27;Chocó;27745;27745;Sipí
27;27;Chocó;27787;27787;Tadó
27;27;Chocó;27800;27800;Unguía
27;27;Chocó;27810;27810;Unión Panamericana
41;41;Huila;41001;41001;Neiva
41;41;Huila;41006;41006;Acevedo
41;41;Huila;41013;41013;Agrado
41;41;Huila;41016;41016;Aipe
41;41;Huila;41020;41020;Algeciras
41;41;Huila;41026;41026;Altamira
41;41;Huila;41078;41078;Baraya
41;41;Huila;41132;41132;Campoalegre
41;41;Huila;41206;41206;Colombia
41;41;Huila;41244;41244;Elías
41;41;Huila;41298;41298;Garzón
41;41;Huila;41306;41306;Gigante
41;41;Huila;41319;41319;Guadalupe
41;41;Huila;41349;41349;Hobo
41;41;Huila;41357;41357;Iquira
41;41;Huila;41359;41359;Isnos
41;41;Huila;41378;41378;La Argentina
41;41;Huila;41396;41396;La Plata
41;41;Huila;41483;41483;Nátaga
41;41;Huila;41503;41503;Oporapa
41;41;Huila;41518;41518;Paicol
41;41;Huila;41524;41524;Palermo
41;41;Huila;41530;41530;Palestina
41;41;Huila;41548;41548;Pital
41;41;Huila;41551;41551;Pitalito
41;41;Huila;41615;41615;Rivera
41;41;Huila;41660;41660;Saladoblanco
41;41;Huila;41668;41668;San Agustín
41;41;Huila;41676;41676;Santa María
41;41;Huila;41770;41770;Suaza
41;41;Huila;41791;41791;Tarqui
41;41;Huila;41797;41797;Tesalia
41;41;Huila;41799;41799;Tello
41;41;Huila;41801;41801;Teruel
41;41;Huila;41807;41807;Timaná
41;41;Huila;41872;41872;Villavieja
41;41;Huila;41885;41885;Yaguará
44;44;La Guajira;44001;44001;Riohacha
44;44;La Guajira;44035;44035;Albania
44;44;La Guajira;44078;44078;Barrancas
44;44;La Guajira;44090;44090;Dibulla
44;44;La Guajira;44098;44098;Distracción
44;44;La Guajira;44110;44110;El Molino
44;44;La Guajira;44279;44279;Fonseca
44;44;La Guajira;44378;44378;Hatonuevo
44;44;La Guajira;44420;44420;La Jagua del Pilar
44;44;La Guajira;44430;44430;Maicao
44;44;La Guajira;44560;44560;Manaure
44;44;La Guajira;44650;44650;San Juan del Cesar
44;44;La Guajira;44847;44847;Uribia
44;44;La Guajira;44855;44855;Urumita
44;44;La Guajira;44874;44874;Villanueva
47;47;Magdalena;47001;47001;Santa Marta
47;47;Magdalena;47030;47030;Algarrobo
47;47;Magdalena;47053;47053;Aracataca
47;47;Magdalena;47058;47058;Ariguaní
47;47;Magdalena;47161;47161;Cerro San Antonio
47;47;Magdalena;47170;47170;Chibolo
47;47;Magdalena;47189;47189;Ciénaga
47;47;Magdalena;47205;47205;Concordia
47;47;Magdalena;47245;47245;El Banco
47;47;Magdalena;47258;47258;El Piñon
47;47;Magdalena;47268;47268;El Retén
47;47;Magdalena;47288;47288;Fundación
47;47;Magdalena;47318;47318;Guamal
47;47;Magdalena;47460;47460;Nueva Granada
47;47;Magdalena;47541;47541;Pedraza
47;47;Magdalena;47545;47545;Pijiño del Carmen
47;47;Magdalena;47551;47551;Pivijay
47;47;Magdalena;47555;47555;Plato
47;47;Magdalena;47570;47570;Puebloviejo
47;47;Magdalena;47605;47605;Remolino
47;47;Magdalena;47660;47660;Sabanas de San Angel
47;47;Magdalena;47675;47675;Salamina
47;47;Magdalena;47692;47692;San Sebastián de Buenavista
47;47;Magdalena;47703;47703;San Zenón
47;47;Magdalena;47707;47707;Santa Ana
47;47;Magdalena;47720;47720;Santa Bárbara de Pinto
47;47;Magdalena;47745;47745;Sitionuevo
47;47;Magdalena;47798;47798;Tenerife
47;47;Magdalena;47960;47960;Zapayán
47;47;Magdalena;47980;47980;Zona Bananera
50;50;Meta;50001;50001;Villavicencio
50;50;Meta;50006;50006;Acacías
50;50;Meta;50110;50110;Barranca de Upía
50;50;Meta;50124;50124;Cabuyaro
50;50;Meta;50150;50150;Castilla la Nueva
50;50;Meta;50223;50223;Cubarral
50;50;Meta;50226;50226;Cumaral
50;50;Meta;50245;50245;El Calvario
50;50;Meta;50251;50251;El Castillo
50;50;Meta;50270;50270;El Dorado
50;50;Meta;50287;50287;Fuente de Oro
50;50;Meta;50313;50313;Granada
50;50;Meta;50318;50318;Guamal
50;50;Meta;50325;50325;Mapiripán
50;50;Meta;50330;50330;Mesetas
50;50;Meta;50350;50350;La Macarena
50;50;Meta;50370;50370;Uribe
50;50;Meta;50400;50400;Lejanías
50;50;Meta;50450;50450;Puerto Concordia
50;50;Meta;50568;50568;Puerto Gaitán
50;50;Meta;50573;50573;Puerto López
50;50;Meta;50577;50577;Puerto Lleras
50;50;Meta;50590;50590;Puerto Rico
50;50;Meta;50606;50606;Restrepo
50;50;Meta;50680;50680;San Carlos de Guaroa
50;50;Meta;50683;50683;San Juan de Arama
50;50;Meta;50686;50686;San Juanito
50;50;Meta;50689;50689;San Martín
50;50;Meta;50711;50711;Vistahermosa
52;52;Nariño;52001;52001;Pasto
52;52;Nariño;52019;52019;Albán
52;52;Nariño;52022;52022;Aldana
52;52;Nariño;52036;52036;Ancuyá
52;52;Nariño;52051;52051;Arboleda
52;52;Nariño;52079;52079;Barbacoas
52;52;Nariño;52083;52083;Belén
52;52;Nariño;52110;52110;Buesaco
52;52;Nariño;52203;52203;Colón
52;52;Nariño;52207;52207;Consaca
52;52;Nariño;52210;52210;Contadero
52;52;Nariño;52215;52215;Córdoba
52;52;Nariño;52224;52224;Cuaspud
52;52;Nariño;52227;52227;Cumbal
52;52;Nariño;52233;52233;Cumbitara
52;52;Nariño;52240;52240;Chachagüí
52;52;Nariño;52250;52250;El Charco
52;52;Nariño;52254;52254;El Peñol
52;52;Nariño;52256;52256;El Rosario
52;52;Nariño;52258;52258;El Tablón de Gómez
52;52;Nariño;52260;52260;El Tambo
52;52;Nariño;52287;52287;Funes
52;52;Nariño;52317;52317;Guachucal
52;52;Nariño;52320;52320;Guaitarilla
52;52;Nariño;52323;52323;Gualmatán
52;52;Nariño;52352;52352;Iles
52;52;Nariño;52354;52354;Imués
52;52;Nariño;52356;52356;Ipiales
52;52;Nariño;52378;52378;La Cruz
52;52;Nariño;52381;52381;La Florida
52;52;Nariño;52385;52385;La Llanada
52;52;Nariño;52390;52390;La Tola
52;52;Nariño;52399;52399;La Unión
52;52;Nariño;52405;52405;Leiva
52;52;Nariño;52411;52411;Linares
52;52;Nariño;52418;52418;Los Andes
52;52;Nariño;52427;52427;Magüi
52;52;Nariño;52435;52435;Mallama
52;52;Nariño;52473;52473;Mosquera
52;52;Nariño;52480;52480;Nariño
52;52;Nariño;52490;52490;Olaya Herrera
52;52;Nariño;52506;52506;Ospina
52;52;Nariño;52520;52520;Francisco Pizarro
52;52;Nariño;52540;52540;Policarpa
52;52;Nariño;52560;52560;Potosí
52;52;Nariño;52565;52565;Providencia
52;52;Nariño;52573;52573;Puerres
52;52;Nariño;52585;52585;Pupiales
52;52;Nariño;52612;52612;Ricaurte
52;52;Nariño;52621;52621;Roberto Payán
52;52;Nariño;52678;52678;Samaniego
52;52;Nariño;52683;52683;Sandoná
52;52;Nariño;52685;52685;San Bernardo
52;52;Nariño;52687;52687;San Lorenzo
52;52;Nariño;52693;52693;San Pablo
52;52;Nariño;52694;52694;San Pedro de Cartago
52;52;Nariño;52696;52696;Santa Bárbara
52;52;Nariño;52699;52699;Santacruz
52;52;Nariño;52720;52720;Sapuyes
52;52;Nariño;52786;52786;Taminango
52;52;Nariño;52788;52788;Tangua
52;52;Nariño;52835;52835;San Andres de Tumaco
52;52;Nariño;52838;52838;Túquerres
52;52;Nariño;52885;52885;Yacuanquer
54;54;Norte De Santander;54001;54001;Cúcuta
54;54;Norte De Santander;54003;54003;Abrego
54;54;Norte De Santander;54051;54051;Arboledas
54;54;Norte De Santander;54099;54099;Bochalema
54;54;Norte De Santander;54109;54109;Bucarasica
54;54;Norte De Santander;54125;54125;Cácota
54;54;Norte De Santander;54128;54128;Cachirá
54;54;Norte De Santander;54172;54172;Chinácota
54;54;Norte De Santander;54174;54174;Chitagá
54;54;Norte De Santander;54206;54206;Convención
54;54;Norte De Santander;54223;54223;Cucutilla
54;54;Norte De Santander;54239;54239;Durania
54;54;Norte De Santander;54245;54245;El Carmen
54;54;Norte De Santander;54250;54250;El Tarra
54;54;Norte De Santander;54261;54261;El Zulia
54;54;Norte De Santander;54313;54313;Gramalote
54;54;Norte De Santander;54344;54344;Hacarí
54;54;Norte De Santander;54347;54347;Herrán
54;54;Norte De Santander;54377;54377;Labateca
54;54;Norte De Santander;54385;54385;La Esperanza
54;54;Norte De Santander;54398;54398;La Playa
54;54;Norte De Santander;54405;54405;Los Patios
54;54;Norte De Santander;54418;54418;Lourdes
54;54;Norte De Santander;54480;54480;Mutiscua
54;54;Norte De Santander;54498;54498;Ocaña
54;54;Norte De Santander;54518;54518;Pamplona
54;54;Norte De Santander;54520;54520;Pamplonita
54;54;Norte De Santander;54553;54553;Puerto Santander
54;54;Norte De Santander;54599;54599;Ragonvalia
54;54;Norte De Santander;54660;54660;Salazar
54;54;Norte De Santander;54670;54670;San Calixto
54;54;Norte De Santander;54673;54673;San Cayetano
54;54;Norte De Santander;54680;54680;Santiago
54;54;Norte De Santander;54720;54720;Sardinata
54;54;Norte De Santander;54743;54743;Silos
54;54;Norte De Santander;54800;54800;Teorama
54;54;Norte De Santander;54810;54810;Tibú
54;54;Norte De Santander;54820;54820;Toledo
54;54;Norte De Santander;54871;54871;Villa Caro
54;54;Norte De Santander;54874;54874;Villa del Rosario
63;63;Quindio;63001;63001;Armenia
63;63;Quindio;63111;63111;Buenavista
63;63;Quindio;63130;63130;Calarca
63;63;Quindio;63190;63190;Circasia
63;63;Quindio;63212;63212;Córdoba
63;63;Quindio;63272;63272;Filandia
63;63;Quindio;63302;63302;Génova
63;63;Quindio;63401;63401;La Tebaida
63;63;Quindio;63470;63470;Montenegro
63;63;Quindio;63548;63548;Pijao
63;63;Quindio;63594;63594;Quimbaya
63;63;Quindio;63690;63690;Salento
66;66;Risaralda;66001;66001;Pereira
66;66;Risaralda;66045;66045;Apía
66;66;Risaralda;66075;66075;Balboa
66;66;Risaralda;66088;66088;Belén de Umbría
66;66;Risaralda;66170;66170;Dosquebradas
66;66;Risaralda;66318;66318;Guática
66;66;Risaralda;66383;66383;La Celia
66;66;Risaralda;66400;66400;La Virginia
66;66;Risaralda;66440;66440;Marsella
66;66;Risaralda;66456;66456;Mistrató
66;66;Risaralda;66572;66572;Pueblo Rico
66;66;Risaralda;66594;66594;Quinchía
66;66;Risaralda;66682;66682;Santa Rosa de Cabal
66;66;Risaralda;66687;66687;Santuario
68;68;Santander;68001;68001;Bucaramanga
68;68;Santander;68013;68013;Aguada
68;68;Santander;68020;68020;Albania
68;68;Santander;68051;68051;Aratoca
68;68;Santander;68077;68077;Barbosa
68;68;Santander;68079;68079;Barichara
68;68;Santander;68081;68081;Barrancabermeja
68;68;Santander;68092;68092;Betulia
68;68;Santander;68101;68101;Bolívar
68;68;Santander;68121;68121;Cabrera
68;68;Santander;68132;68132;California
68;68;Santander;68147;68147;Capitanejo
68;68;Santander;68152;68152;Carcasí
68;68;Santander;68160;68160;Cepitá
68;68;Santander;68162;68162;Cerrito
68;68;Santander;68167;68167;Charalá
68;68;Santander;68169;68169;Charta
68;68;Santander;68176;68176;Chima
68;68;Santander;68179;68179;Chipatá
68;68;Santander;68190;68190;Cimitarra
68;68;Santander;68207;68207;Concepción
68;68;Santander;68209;68209;Confines
68;68;Santander;68211;68211;Contratación
68;68;Santander;68217;68217;Coromoro
68;68;Santander;68229;68229;Curití
68;68;Santander;68235;68235;El Carmen de Chucurí
68;68;Santander;68245;68245;El Guacamayo
68;68;Santander;68250;68250;El Peñón
68;68;Santander;68255;68255;El Playón
68;68;Santander;68264;68264;Encino
68;68;Santander;68266;68266;Enciso
68;68;Santander;68271;68271;Florián
68;68;Santander;68276;68276;Floridablanca
68;68;Santander;68296;68296;Galán
68;68;Santander;68298;68298;Gambita
68;68;Santander;68307;68307;Girón
68;68;Santander;68318;68318;Guaca
68;68;Santander;68320;68320;Guadalupe
68;68;Santander;68322;68322;Guapotá
68;68;Santander;68324;68324;Guavatá
68;68;Santander;68327;68327;Güepsa
68;68;Santander;68344;68344;Hato
68;68;Santander;68368;68368;Jesús María
68;68;Santander;68370;68370;Jordán
68;68;Santander;68377;68377;La Belleza
68;68;Santander;68385;68385;Landázuri
68;68;Santander;68397;68397;La Paz
68;68;Santander;68406;68406;Lebríja
68;68;Santander;68418;68418;Los Santos
68;68;Santander;68425;68425;Macaravita
68;68;Santander;68432;68432;Málaga
68;68;Santander;68444;68444;Matanza
68;68;Santander;68464;68464;Mogotes
68;68;Santander;68468;68468;Molagavita
68;68;Santander;68498;68498;Ocamonte
68;68;Santander;68500;68500;Oiba
68;68;Santander;68502;68502;Onzaga
68;68;Santander;68522;68522;Palmar
68;68;Santander;68524;68524;Palmas del Socorro
68;68;Santander;68533;68533;Páramo
68;68;Santander;68547;68547;Piedecuesta
68;68;Santander;68549;68549;Pinchote
68;68;Santander;68572;68572;Puente Nacional
68;68;Santander;68573;68573;Puerto Parra
68;68;Santander;68575;68575;Puerto Wilches
68;68;Santander;68615;68615;Rionegro
68;68;Santander;68655;68655;Sabana de Torres
68;68;Santander;68669;68669;San Andrés
68;68;Santander;68673;68673;San Benito
68;68;Santander;68679;68679;San Gil
68;68;Santander;68682;68682;San Joaquín
68;68;Santander;68684;68684;San José de Miranda
68;68;Santander;68686;68686;San Miguel
68;68;Santander;68689;68689;San Vicente de Chucurí
68;68;Santander;68705;68705;Santa Bárbara
68;68;Santander;68720;68720;Santa Helena del Opón
68;68;Santander;68745;68745;Simacota
68;68;Santander;68755;68755;Socorro
68;68;Santander;68770;68770;Suaita
68;68;Santander;68773;68773;Sucre
68;68;Santander;68780;68780;Suratá
68;68;Santander;68820;68820;Tona
68;68;Santander;68855;68855;Valle de San José
68;68;Santander;68861;68861;Vélez
68;68;Santander;68867;68867;Vetas
68;68;Santander;68872;68872;Villanueva
68;68;Santander;68895;68895;Zapatoca
70;70;Sucre;70001;70001;Sincelejo
70;70;Sucre;70110;70110;Buenavista
70;70;Sucre;70124;70124;Caimito
70;70;Sucre;70204;70204;Coloso
70;70;Sucre;70215;70215;Corozal
70;70;Sucre;70221;70221;Coveñas
70;70;Sucre;70230;70230;Chalán
70;70;Sucre;70233;70233;El Roble
70;70;Sucre;70235;70235;Galeras
70;70;Sucre;70265;70265;Guaranda
70;70;Sucre;70400;70400;La Unión
70;70;Sucre;70418;70418;Los Palmitos
70;70;Sucre;70429;70429;Majagual
70;70;Sucre;70473;70473;Morroa
70;70;Sucre;70508;70508;Ovejas
70;70;Sucre;70523;70523;Palmito
70;70;Sucre;70670;70670;Sampués
70;70;Sucre;70678;70678;San Benito Abad
70;70;Sucre;70702;70702;San Juan de Betulia
70;70;Sucre;70708;70708;San Marcos
70;70;Sucre;70713;70713;San Onofre
70;70;Sucre;70717;70717;San Pedro
70;70;Sucre;70742;70742;San Luis de Sincé
70;70;Sucre;70771;70771;Sucre
70;70;Sucre;70820;70820;Santiago de Tolú
70;70;Sucre;70823;70823;Tolú Viejo
73;73;Tolima;73001;73001;Ibagué
73;73;Tolima;73024;73024;Alpujarra
73;73;Tolima;73026;73026;Alvarado
73;73;Tolima;73030;73030;Ambalema
73;73;Tolima;73043;73043;Anzoátegui
73;73;Tolima;73055;73055;Armero
73;73;Tolima;73067;73067;Ataco
73;73;Tolima;73124;73124;Cajamarca
73;73;Tolima;73148;73148;Carmen de Apicalá
73;73;Tolima;73152;73152;Casabianca
73;73;Tolima;73168;73168;Chaparral
73;73;Tolima;73200;73200;Coello
73;73;Tolima;73217;73217;Coyaima
73;73;Tolima;73226;73226;Cunday
73;73;Tolima;73236;73236;Dolores
73;73;Tolima;73268;73268;Espinal
73;73;Tolima;73270;73270;Falan
73;73;Tolima;73275;73275;Flandes
73;73;Tolima;73283;73283;Fresno
73;73;Tolima;73319;73319;Guamo
73;73;Tolima;73347;73347;Herveo
73;73;Tolima;73349;73349;Honda
73;73;Tolima;73352;73352;Icononzo
73;73;Tolima;73408;73408;Lérida
73;73;Tolima;73411;73411;Líbano
73;73;Tolima;73443;73443;Mariquita
73;73;Tolima;73449;73449;Melgar
73;73;Tolima;73461;73461;Murillo
73;73;Tolima;73483;73483;Natagaima
73;73;Tolima;73504;73504;Ortega
73;73;Tolima;73520;73520;Palocabildo
73;73;Tolima;73547;73547;Piedras
73;73;Tolima;73555;73555;Planadas
73;73;Tolima;73563;73563;Prado
73;73;Tolima;73585;73585;Purificación
73;73;Tolima;73616;73616;Rioblanco
73;73;Tolima;73622;73622;Roncesvalles
73;73;Tolima;73624;73624;Rovira
73;73;Tolima;73671;73671;Saldaña
73;73;Tolima;73675;73675;San Antonio
73;73;Tolima;73678;73678;San Luis
73;73;Tolima;73686;73686;Santa Isabel
73;73;Tolima;73770;73770;Suárez
73;73;Tolima;73854;73854;Valle de San Juan
73;73;Tolima;73861;73861;Venadillo
73;73;Tolima;73870;73870;Villahermosa
73;73;Tolima;73873;73873;Villarrica
76;76;Valle;76001;76001;Cali
76;76;Valle;76020;76020;Alcalá
76;76;Valle;76036;76036;Andalucía
76;76;Valle;76041;76041;Ansermanuevo
76;76;Valle;76054;76054;Argelia
76;76;Valle;76100;76100;Bolívar
76;76;Valle;76109;76109;Buenaventura
76;76;Valle;76111;76111;Guadalajara de Buga
76;76;Valle;76113;76113;Bugalagrande
76;76;Valle;76122;76122;Caicedonia
76;76;Valle;76126;76126;Calima
76;76;Valle;76130;76130;Candelaria
76;76;Valle;76147;76147;Cartago
76;76;Valle;76233;76233;Dagua
76;76;Valle;76243;76243;El Águila
76;76;Valle;76246;76246;El Cairo
76;76;Valle;76248;76248;El Cerrito
76;76;Valle;76250;76250;El Dovio
76;76;Valle;76275;76275;Florida
76;76;Valle;76306;76306;Ginebra
76;76;Valle;76318;76318;Guacarí
76;76;Valle;76364;76364;Jamundí
76;76;Valle;76377;76377;La Cumbre
76;76;Valle;76400;76400;La Unión
76;76;Valle;76403;76403;La Victoria
76;76;Valle;76497;76497;Obando
76;76;Valle;76520;76520;Palmira
76;76;Valle;76563;76563;Pradera
76;76;Valle;76606;76606;Restrepo
76;76;Valle;76616;76616;Riofrío
76;76;Valle;76622;76622;Roldanillo
76;76;Valle;76670;76670;San Pedro
76;76;Valle;76736;76736;Sevilla
76;76;Valle;76823;76823;Toro
76;76;Valle;76828;76828;Trujillo
76;76;Valle;76834;76834;Tuluá
76;76;Valle;76845;76845;Ulloa
76;76;Valle;76863;76863;Versalles
76;76;Valle;76869;76869;Vijes
76;76;Valle;76890;76890;Yotoco
76;76;Valle;76892;76892;Yumbo
76;76;Valle;76895;76895;Zarzal
81;81;Arauca;81001;81001;Arauca
81;81;Arauca;81065;81065;Arauquita
81;81;Arauca;81220;81220;Cravo Norte
81;81;Arauca;81300;81300;Fortul
81;81;Arauca;81591;81591;Puerto Rondón
81;81;Arauca;81736;81736;Saravena
81;81;Arauca;81794;81794;Tame
85;85;Casanare;85001;85001;Yopal
85;85;Casanare;85010;85010;Aguazul
85;85;Casanare;85015;85015;Chameza
85;85;Casanare;85125;85125;Hato Corozal
85;85;Casanare;85136;85136;La Salina
85;85;Casanare;85139;85139;Maní
85;85;Casanare;85162;85162;Monterrey
85;85;Casanare;85225;85225;Nunchía
85;85;Casanare;85230;85230;Orocué
85;85;Casanare;85250;85250;Paz de Ariporo
85;85;Casanare;85263;85263;Pore
85;85;Casanare;85279;85279;Recetor
85;85;Casanare;85300;85300;Sabanalarga
85;85;Casanare;85315;85315;Sácama
85;85;Casanare;85325;85325;San Luis de Palenque
85;85;Casanare;85400;85400;Támara
85;85;Casanare;85410;85410;Tauramena
85;85;Casanare;85430;85430;Trinidad
85;85;Casanare;85440;85440;Villanueva
86;86;Putumayo;86001;86001;Mocoa
86;86;Putumayo;86219;86219;Colón
86;86;Putumayo;86320;86320;Orito
86;86;Putumayo;86568;86568;Puerto Asís
86;86;Putumayo;86569;86569;Puerto Caicedo
86;86;Putumayo;86571;86571;Puerto Guzmán
86;86;Putumayo;86573;86573;Leguízamo
86;86;Putumayo;86749;86749;Sibundoy
86;86;Putumayo;86755;86755;San Francisco
86;86;Putumayo;86757;86757;San Miguel
86;86;Putumayo;86760;86760;Santiago
86;86;Putumayo;86865;86865;Valle del Guamuez
86;86;Putumayo;86885;86885;Villagarzón
88;88;Archipiélago De San Andrés;88001;88001;San Andrés
88;88;Archipiélago De San Andrés;88564;88564;Providencia
91;91;Amazonas;91001;91001;Leticia
91;91;Amazonas;91263;91263;El Encanto
91;91;Amazonas;91405;91405;La Chorrera
91;91;Amazonas;91407;91407;La Pedrera
91;91;Amazonas;91430;91430;La Victoria*
91;91;Amazonas;91460;91460;Miriti - Paraná
91;91;Amazonas;91530;91530;Puerto Alegría
91;91;Amazonas;91536;91536;Puerto Arica
91;91;Amazonas;91540;91540;Puerto Nariño
91;91;Amazonas;91669;91669;Puerto Santander
91;91;Amazonas;91798;91798;Tarapacá
94;94;Guainía;94001;94001;Inírida
94;94;Guainía;94343;94343;Barranco Minas*
94;94;Guainía;94663;94663;Mapiripana*
94;94;Guainía;94883;94883;San Felipe
94;94;Guainía;94884;94884;Puerto Colombia
94;94;Guainía;94885;94885;La Guadalupe
94;94;Guainía;94886;94886;Cacahual
94;94;Guainía;94887;94887;Pana Pana*
94;94;Guainía;94888;94888;Morichal*
95;95;Guaviare;95001;95001;San José del Guaviare
95;95;Guaviare;95015;95015;Calamar
95;95;Guaviare;95025;95025;El Retorno
95;95;Guaviare;95200;95200;Miraflores
97;97;Vaupés;97001;97001;Mitú
97;97;Vaupés;97161;97161;Caruru*
97;97;Vaupés;97511;97511;Pacoa*
97;97;Vaupés;97666;97666;Taraira
97;97;Vaupés;97777;97777;Papunaua
97;97;Vaupés;97889;97889;Yavaraté
99;99;Vichada;99001;99001;Puerto Carreño
99;99;Vichada;99524;99524;La Primavera
99;99;Vichada;99624;99624;Santa Rosalía
99;99;Vichada;99773;99773;Cumaribo
13;13;Bolívar;13490;13490;Norosi
23;23;Córdoba;23682;23682;San José De Uré
41;41;Huila;41999;41999;Área En Litigio
19;19;Cauca;19300;19300;Guachené
23;23;Córdoba;23815;23815;Tuchín
